item,group1,var,n,mean,sd,median,trimmed,mad,min,max,range,skew,kurtosis,se
11,1,ID01_Session01,1,172,5157.46511627907,11927.9640451308,289,1734.83333333333,301.7091,62,53766,53704,2.63770559142211,5.93723236674224,909.498731930582
12,2,ID01_Session02,1,199,4393.83417085427,10833.1438304003,156,1490.49689440994,115.6428,47,78171,78124,3.47300030982840,14.0376287351356,767.941205252277
13,3,ID01_Session03,1,113,7978.37168141593,15049.4869153135,125,4125.41758241758,93.4038,46,58187,58141,2.05919047266842,3.14189967467608,1415.73663997013
14,4,ID01_Session04,1,174,6768.82183908046,14446.0747872902,741.5,2951.09285714286,891.7839,93,97140,97047,3.13602197739248,11.2835509303560,1095.15410336393
15,5,ID01_Session05,1,174,4615.41954022988,11185.9175045387,351.5,1885.11428571429,359.5305,0,100425,100425,4.76841392610362,31.351409375124,848.002217582576
16,6,ID01_Session06,1,102,8825.13725490196,16235.2490008496,234.5,5054.5487804878,255.7485,47,80813,80766,2.00783081658406,3.63940178481900,1607.52919078058
17,7,ID01_Session07,1,171,5290.0350877193,10973.0970762962,141,2300.21167883212,69.6822,62,58781,58719,2.52497550228939,6.07317293422149,839.133706197137
18,8,ID01_Session08,1,157,2622.86624203822,5483.47805719955,125,1207.24409448819,45.9606,0,30297,30297,2.65397377291636,7.17046025141654,437.629191871696
19,9,ID01_Session09,1,101,6955.22772277228,12899.8316437705,141,3781.53086419753,69.6822,78,59938,59860,2.02867315443272,3.39250097758383,1283.58122329993
110,10,ID01_Session10,1,98,4909.69387755102,11714.2136664331,125,1804.9125,68.9409,47,55337,55290,3.02758561680332,8.49531060559965,1183.31427425757
111,11,ID02_Session01,1,104,2605.625,8085.5233142807,141,716.559523809524,23.7216,78,58921,58843,5.15203733700841,29.6252688248241,792.850791483205
112,12,ID02_Session02,1,79,9851.37974683544,16773.9070837400,156,6352.49230769231,91.9212,47,58313,58266,1.61793253103157,1.27131274464713,1887.21199111732
113,13,ID02_Session03,1,96,1561.61458333333,4305.61211827636,141,375.230769230769,46.7019,47,27751,27704,3.74527288938341,15.5430682457072,439.439696671704
114,14,ID02_Session04,1,98,1790.22448979592,5960.40219450154,141,254.3,45.9606,62,35126,35064,4.12377089499252,16.6898163403904,602.091544333031
115,15,ID02_Session05,1,109,1306.04587155963,5677.93857412882,125,165.719101123595,45.9606,0,51688,51688,7.10006865510958,56.2282447876678,543.847881217169
116,16,ID02_Session06,1,94,8671.71276595745,16191.6505694732,156.5,4458.86842105263,92.6625,78,59925,59847,2.07286949268464,3.11023367789555,1670.04124093529
117,17,ID02_Session07,1,135,4491.54814814815,12043.0914819892,141,1039.62385321101,47.4432,47,59985,59938,3.17208539836188,9.67151831226556,1036.50428325770
118,18,ID02_Session08,1,21,17229.0952380952,21806.0118290914,5250,14287.7058823529,7644.2856,78,59718,59640,0.824283682049927,-0.998435444438188,4758.46189580543
119,19,ID02_Session09,1,152,2243.78947368421,8345.40656430812,125,163.098360655738,45.9606,63,48048,47985,4.37800114239028,18.5999814153456,676.901856388029
120,20,ID02_Session10,1,117,9513.33333333333,16293.5407563645,141,5778.12631578947,69.6822,78,59859,59781,1.75295171351448,1.96218756412328,1506.33837579319
121,21,ID03_Session01,1,91,12372.7802197802,18168.4598551092,422,8888.13698630137,440.3322,109,59766,59657,1.28798921838608,0.293570018828463,1904.57209727019
122,22,ID03_Session02,1,109,11294.9908256881,16638.0019630961,297,8186.5393258427,277.2462,94,58472,58378,1.37825154467932,0.690336343799352,1593.63156138145
123,23,ID03_Session03,1,90,12421.1444444444,17492.4860308848,617,8975.61111111111,775.3998,78,59610,59532,1.26035700577766,0.386808113293124,1843.86992654248
124,24,ID03_Session05,1,71,18795.6619718310,21449.4723584412,5734,16229.7192982456,8385.5856,47,59813,59766,0.720295962077896,-1.05846392633974,2545.58403729341
125,25,ID03_Session06,1,77,15015.3896103896,19228.7957728122,2594,12238.1428571429,3682.7784,93,59986,59893,1.01721782359126,-0.448310633234868,2191.32465089433
126,26,ID03_Session07,1,88,13734.25,17335.0133645918,4133,11044.3194444444,5965.9824,78,57361,57283,1.06483702298412,-0.150790454882248,1847.91863368252
127,27,ID03_Session08,1,80,14316.3,18790.0961365357,4679.5,11033.90625,6775.482,94,59955,59861,1.14139810467520,-0.121979336995633,2100.79661325250
128,28,ID03_Session09,1,78,14755.7179487179,19693.8956676622,3023.5,11826.484375,4285.4553,109,59501,59392,1.03345450725068,-0.49785493636804,2229.89457773337
129,29,ID03_Session10,1,66,22624.0151515152,21889.5760984309,14273.5,21123.9814814815,20954.3271,93,59797,59704,0.425010292324894,-1.44866779746005,2694.42055886143
130,30,ID03_Session11,1,66,20033.5303030303,21622.3591584265,11117.5,17939.4444444444,16319.7195,78,59890,59812,0.648132524803145,-1.13367646765932,2661.52842730135
131,31,ID04_Session01,1,130,5732.3,10384.2295781901,851.5,3231.93269230769,1146.7911,47,51312,51265,2.61480885774669,7.21012315470479,910.757182587688
132,32,ID04_Session02,1,110,5070.67272727273,9724.17969098433,633.5,2480.34090909091,823.5843,62,51610,51548,2.60130333487591,6.65656260481257,927.164154645533
133,33,ID04_Session03,1,120,4416.24166666667,9650.00039882947,469,1739.77083333333,601.9356,32,54407,54375,2.92713867950738,8.68785591872097,880.920483062125
134,34,ID04_Session04,1,214,2355.70560747664,6643.40349253072,125,654.46511627907,69.6822,46,59329,59283,4.81728728030786,29.3130133375831,454.13371350405
135,35,ID04_Session06,1,121,4703.73553719008,9542.0091156323,578,2283.10309278350,741.3,46,51470,51424,2.89800274374697,8.80330607414257,867.455374148391
136,36,ID04_Session08,1,70,3750.08571428571,9873.25169516228,125,1142.28571428571,92.6625,62,55533,55471,3.67936919481105,13.8625293432550,1180.07928932173
137,37,ID04_Session09,1,125,5492.856,10119.4065845907,781,2991.70297029703,1020.0288,47,51272,51225,2.41191764173852,5.74934441330564,905.107240604153
138,38,ID04_Session10,1,185,3596.8,8619.41040541385,266,1533.44966442953,323.2068,46,59986,59940,4.26951210907773,20.2333494547437,633.711656388778
139,39,ID04_Session11,1,32,7425.34375,10758.7855760570,734.5,5383.46153846154,1019.2875,47,35125,35078,1.35503432926317,0.560881898048121,1901.90255954048
140,40,ID04_Session12,1,105,4591,10995.9219188822,172,1496.6,209.0466,0,54487,54487,2.91670255364389,8.02758075317638,1073.09210027735
141,41,ID05_Session01,1,108,10960.4907407407,18306.6373936740,187,7035.27272727273,114.1602,93,59922,59829,1.62667235662579,1.22624081506545,1761.55700453243
142,42,ID05_Session02,1,20,5273.4,7877.83036120987,508,3777.375,626.3985,78,32125,32047,1.94650099352896,3.93742893710554,1761.5364202877
143,43,ID05_Session03,1,95,11636.7368421053,17587.4680360583,375,8032.61038961039,438.8496,62,59988,59926,1.43810618469925,0.79494763776274,1804.43614729854
144,44,ID05_Session04,1,162,6321.45679012346,14483.7481332977,172,2193.38461538462,69.6822,0,59672,59672,2.65363474356182,6.02002760249368,1137.95072467253
145,45,ID05_Session05,1,23,10000,16264.4223523169,266,6523.05263157895,255.0072,94,56250,56156,1.64312765640149,1.60080228697339,3391.36649677015
146,46,ID05_Session06,1,74,13133.1081081081,17933.6393502355,3101,9783.23333333333,4458.1782,63,59937,59874,1.28320683172905,0.368290752691922,2084.74322854812
147,47,ID05_Session07,1,145,7780.57931034483,15351.4272923422,172,3774.47863247863,93.4038,16,59313,59297,2.15779661506813,3.54701361208119,1274.86664593236
148,48,ID05_Session08,1,114,11361.0614035088,18553.4687972930,203,7564.70652173913,185.325,63,59266,59203,1.49724481244799,0.651961236221693,1737.69156311683
149,49,ID05_Session09,1,67,13678.3880597015,17474.4599994212,6407,10876.0181818182,9337.4148,0,57048,57048,1.15800156561305,0.0526116567495625,2134.84506855577
150,50,ID05_Session10,1,159,7119.74842767296,13814.0357438095,203,3536.39534883721,139.3644,31,56855,56824,2.27057563195264,4.25060535076423,1095.52429517953
151,51,ID06_Session01,1,91,11051.8901098901,16368.0845912950,1672,7573.01369863014,2363.2644,47,58094,58047,1.50083862711934,1.14439404239923,1715.84148832363
152,52,ID06_Session02,1,80,10424.7,16331.3572252968,515.5,6911.046875,683.4786,47,59736,59689,1.53524495375105,1.16909382122405,1825.90124602980
153,53,ID06_Session03,1,117,8596.4358974359,14363.750587422,672,5275.73684210526,902.9034,31,59078,59047,1.86553698829586,2.52852103029277,1327.92921156221
154,54,ID06_Session04,1,156,4990.97435897436,9630.57810072568,141,2638.07142857143,117.1254,62,59627,59565,2.81250233362346,9.18781165474314,771.063345672453
155,55,ID06_Session05,1,116,7180.58620689655,12483.9303190099,125,4297.55319148936,69.6822,47,56683,56636,1.89547674578149,2.86535541741837,1159.10383118365
156,56,ID06_Session06,1,139,7439.05755395683,11894.9997921242,797,4882.65486725664,1089.711,15,55155,55140,1.92427576907017,3.28734012070451,1008.92071422253
157,57,ID06_Session07,1,124,5629.25,11598.5423310554,148.5,2528.04,126.7623,31,59282,59251,2.77069540106463,7.6868694282405,1041.57984921977
158,58,ID06_Session08,1,96,6047.55208333333,12121.8594056312,156,2987.37179487179,115.6428,0,53206,53206,2.30026955181377,4.62022450782288,1237.18209489806
159,59,ID06_Session09,1,125,7388.472,14344.7795093051,140,3762.63366336634,115.6428,15,59514,59499,2.14116690642469,3.66569769793964,1283.03608420209
160,60,ID06_Session11,1,29,10959.7931034483,15790.6729870591,531,8683.24,717.5784,47,59111,59064,1.33418688861896,0.96814184912071,2932.25436037517
161,61,ID07_Session01,1,23,11142.6956521739,16284.1613495356,140,8590.47368421053,68.1996,79,49047,48968,1.12712295608952,-0.161256640499106,3395.48236220927
162,62,ID07_Session02,1,114,7443.64912280702,14059.6924165946,164.5,3770.46739130435,128.2449,47,58720,58673,2.21255756453591,3.92181367009636,1316.81084325852
163,63,ID07_Session03,1,41,7010.0243902439,13030.3328170999,250,3729.33333333333,370.65,0,47790,47790,1.96539959984116,2.62134510102209,2034.99609470705
164,64,ID07_Session04,1,85,6296.9294117647,11822.1045058542,438,3572.79710144928,533.736,63,55985,55922,2.23529462887787,4.70433440757254,1282.28727141748
165,65,ID07_Session05,1,6,5471.16666666667,8560.987406057,2320,5471.16666666667,3300.2676,63,22187,22124,1.11829318239249,-0.501101704375857,3495.00847320543
166,66,ID07_Session06,1,3,12682.3333333333,21804.5044505335,109,12682.3333333333,45.9606,78,37860,37782,0.384899304211018,-2.33333333333333,12588.8365140619
167,67,ID07_Session07,1,3,6146.33333333333,10495.9418983402,94,6146.33333333333,22.239,79,18266,18187,0.384899295077076,-2.33333333333333,6059.83488040539
168,68,ID07_Session08,1,49,2948.57142857143,8493.18018814704,125,939.90243902439,23.7216,78,45020,44942,3.84259752896654,14.7219578073672,1213.31145544958
169,69,ID07_Session09,1,23,11648.0869565217,15948.1976038133,4688,9349.57894736842,6858.5076,62,45812,45750,1.18958443516970,-0.130570096309533,3325.42907862558
170,70,ID07_Session10,1,24,3880.25,9441.97569252648,148.5,1540.65,69.6822,16,40063,40047,2.70061413468275,6.72217733274185,1927.33521753764
171,71,ID08_Session01,1,87,14570.2988505747,19802.2983204000,797,11849.2535211268,1043.7504,78,59955,59877,0.973533168774024,-0.722088442349569,2123.02922478982
172,72,ID08_Session02,1,30,15637.1666666667,21596.0156751247,1172,12316.5416666667,1598.9841,78,59423,59345,0.946057741579594,-0.831167865886905,3942.87497916698
173,73,ID08_Session03,1,89,14591.5168539326,19540.4388897116,828,11414.1643835616,1135.6716,62,59578,59516,1.09654045253018,-0.16439285542133,2071.28237974881
174,74,ID08_Session04,1,120,6840.46666666667,14042.4246278003,430,2925.65625,429.2127,15,59376,59361,2.6109470824305,5.91385167007531,1281.89212178538
175,75,ID08_Session05,1,97,11998.1855670103,17946.1502680762,907,8530.83544303797,1205.3538,78,59852,59774,1.38106654946912,0.559738100399388,1822.15548536029
176,76,ID08_Session06,1,121,10890.1983471074,18616.4713025947,157,6764.03092783505,117.1254,62,59359,59297,1.57311084855193,0.907673591794025,1692.40648205406
177,77,ID08_Session07,1,74,16579.5945945946,21274.2001758249,1250,13808.25,1691.6466,62,59532,59470,0.814820307790662,-0.987978154126383,2473.07553660298
178,78,ID08_Session08,1,82,15917.5731707317,21614.2880755555,789,12765.6060606061,1065.9894,62,59223,59161,0.973036373520192,-0.737788530144489,2386.89881720495
179,79,ID08_Session09,1,80,12659.2375,18561.5717158632,742.5,9321.34375,974.0682,63,57829,57766,1.19821315553259,-0.148561969140939,2075.24680629538
180,80,ID08_Session10,1,133,8654.12781954887,12861.8061178174,1250,6046.63551401869,1667.925,94,55503,55409,1.53120769617262,1.31915225106273,1115.26003108458
181,81,ID09_Session01,1,61,15668.5081967213,17479.5156012430,7453,13427.6938775510,10888.2144,78,58086,58008,0.75209654184022,-0.821557012037695,2238.02264032154
182,82,ID09_Session02,1,64,18704.140625,22050.0383830549,4633,16343.7884615385,6683.5608,78,59970,59892,0.662862856976443,-1.31716532288838,2756.25479788187
183,83,ID09_Session03,1,82,10355.6341463415,17471.5696797504,234,6240.60606060606,231.2856,31,59859,59828,1.68784602711585,1.54695602589092,1929.41210265786
184,84,ID09_Session04,1,70,15605.5571428571,17166.8633707338,8938.5,13544.2142857143,13078.0146,78,56517,56439,0.647561932706456,-0.98315711661467,2051.83262332357
185,85,ID09_Session05,1,66,19961.5303030303,22680.6053292029,7398.5,18005.5555555556,10807.4127,93,59064,58971,0.59111577050984,-1.37788763589228,2791.78952628539
186,86,ID09_Session06,1,128,3972.296875,10457.6212922573,187,1087.00961538462,69.6822,47,55516,55469,3.24639199956189,10.1874704779860,924.331866354497
187,87,ID09_Session07,1,93,9209.91397849462,14488.6722594013,234,6099.30666666667,209.0466,0,58453,58453,1.6131302774848,1.68209341712607,1502.40532537799
188,88,ID09_Session08,1,67,15889.9850746269,18322.6027647693,9969,13315.6,14616.9534,47,59454,59407,0.932334200191048,-0.345306972417722,2238.46219893317
189,89,ID09_Session09,1,67,12729.0597014925,17695.4523201461,1375,9521.8,1900.6932,15,59266,59251,1.28189372111412,0.468374180430541,2161.84357758574
190,90,ID09_Session10,1,66,17731.1212121212,21777.9433722182,2875,15348.1481481481,4158.693,62,59688,59626,0.724541571144456,-1.19877490610976,2680.67952014982
191,91,ID10_Session01,1,128,9930.046875,16236.7449274879,914.5,6203.60576923077,1286.1555,47,59750,59703,1.78572118504193,2.0271556826493,1435.13905532787
192,92,ID10_Session02,1,50,23974.26,21208.1572473654,19741.5,22941.95,29118.264,63,58234,58171,0.270937457683827,-1.55155497772306,2999.28636121655
193,93,ID10_Session03,1,66,20592.1515151515,20711.8716022719,14250,19058.9444444444,21022.5267,0,57905,57905,0.454322495823986,-1.39939917051964,2549.45515649615
194,94,ID10_Session04,1,59,16155.8305084746,18865.1446763716,7063,13676.9387755102,10355.961,62,59922,59860,1.01148803429359,-0.316155398372231,2456.03264091251
195,95,ID10_Session05,1,64,17827.640625,18842.9162550754,11524,15690.5384615385,16969.8396,46,59844,59798,0.646342193394338,-0.955443392414615,2355.36453188442
196,96,ID10_Session06,1,65,17936.2615384615,19999.5078355670,8453,15483.8867924528,12439.014,62,59470,59408,0.772895446734982,-0.793002320152865,2480.63364629934
197,97,ID10_Session07,1,71,16168.1971830986,18672.139080627,9140,13667.5614035088,13413.0822,62,59579,59517,0.813532376441233,-0.754312521098546,2215.97521801328
198,98,ID10_Session08,1,79,12984.4810126582,17603.9149388969,2937,10561.3076923077,4262.475,16,50360,50344,1.08525464943368,-0.463275902242922,1980.59517066838
199,99,ID10_Session09,1,76,16910.9078947368,20572.9453053779,4257.5,14482.7580645161,6196.5267,47,58376,58329,0.796850407144645,-1.05234680069627,2359.8786725561
1100,100,ID10_Session10,1,64,16470.453125,20032.5720701012,7289,13708.0192307692,10691.0286,47,58610,58563,0.939912278266833,-0.626954027404846,2504.07150876265
1101,101,ID11_Session01,1,53,25967.1509433962,23040.9732019323,22656,25187.488372093,33404.4606,78,59491,59413,0.191087066782418,-1.67033637779489,3164.92107294405
1102,102,ID11_Session02,1,59,21522.1016949153,23086.0749532722,7703,19951.9591836735,11304.825,62,59783,59721,0.531142740439019,-1.44347832883388,3005.55095698818
1103,103,ID11_Session03,1,87,10864.6781609195,18399.6960146112,266,7241.49295774648,278.7288,63,59547,59484,1.51011244324214,0.683271089495814,1972.65447344697
1104,104,ID11_Session04,1,58,7606.31034482759,15316.1071759375,1203.5,3808.04166666667,1598.9841,62,57361,57299,2.28543661226780,3.78551587207293,2011.10339856955
1105,105,ID11_Session05,1,66,1749.34848484848,2872.82438614216,960.5,1142.70370370370,1192.7517,78,17751,17673,3.16121309801895,12.7924097542461,353.620237012024
1106,106,ID11_Session06,1,69,1195.43478260870,2262.66580463803,297,817.719298245614,324.6894,63,17595,17532,5.58313699208211,37.1430250661003,272.392953139348
1107,107,ID11_Session07,1,38,1928.07894736842,2746.57835666025,1282,1316.4375,1320.9966,110,12656,12546,2.64493066464376,6.75733053862259,445.553844264421
1108,108,ID11_Session08,1,44,1256.06818181818,1126.68295612174,1086,1064.69444444444,648.6375,93,5047,4954,1.82649308014635,3.48511320799613,169.853846506558
1109,109,ID11_Session09,1,41,1451.92682926829,3022.11981389094,1062,957.787878787879,741.3,63,19719,19656,5.36205527147502,29.5717173323043,471.975820213442
1110,110,ID11_Session10,1,27,2221,4368.29772337005,890,1165.69565217391,1086.7458,62,18922,18860,2.78660689130285,6.97501396942833,840.679288829377
1111,111,ID12_Session01,1,60,20050.7166666667,22305.4911010124,10843.5,17716.6041666667,15891.2481,109,59682,59573,0.663417306290457,-1.17589492900055,2879.62651877330
1112,112,ID12_Session02,1,273,4261.8315018315,9819.2877591251,375,1696.38356164384,346.9284,46,67798,67752,3.60125454241535,15.0095236401267,594.290330302026
1113,113,ID12_Session03,1,317,2791.94637223975,5862.03249521555,359,1272.59215686275,323.2068,78,40078,40000,3.24554273919599,12.3049623059026,329.244546697211
1114,114,ID12_Session04,1,245,4498.8,12180.4762153533,282,1512.70558375635,210.5292,93,88891,88798,4.37567579162295,21.0381833839959,778.182080452837
1115,115,ID12_Session06,1,280,3081.49642857143,7262.05361764198,375,1285.12053571429,348.411,62,52860,52798,4.29175475847427,21.5946523426251,433.990712316301
1116,116,ID12_Session07,1,214,2941.51869158879,6978.31210453412,235,1053.95930232558,163.086,0,48766,48766,3.65426600560510,15.1926631830585,477.027594904539
1117,117,ID12_Session08,1,104,4565.57692307692,7488.81336043458,1163.5,2732.58333333333,1492.2369,109,36922,36813,2.25953018976384,4.73485767630397,734.338566509813
1118,118,ID12_Session09,1,172,5540.1976744186,10080.6443192150,859,3094.39130434783,1088.2284,62,59547,59485,2.825815264803,9.06091971206313,768.641923355887
1119,119,ID12_Session10,1,235,3603.42553191489,8048.32766868952,594,1661.22751322751,695.3394,16,55150,55134,3.87426578680363,16.3422901343243,525.015007941893
1120,120,ID12_Session11,1,231,3625.61471861472,9979.78054579444,203,853.481081081081,115.6428,94,75923,75829,3.94488240677502,18.051398830413,656.621352543198
1121,121,ID13_Session01,1,142,4930.83098591549,10628.6162006174,187,2119.19298245614,116.3841,79,56968,56889,2.77250418268075,7.93574764316095,891.933658004828
1122,122,ID13_Session02,1,89,5587.21348314607,10934.2232540687,359,2893.02739726027,392.889,78,57377,57299,2.70267047535174,7.53553406108949,1159.02534688290
1123,123,ID13_Session03,1,145,3644.08965517241,10062.5582150954,156,1230.89743589744,69.6822,62,67626,67564,4.37803614883616,20.7525973350260,835.64997552879
1124,124,ID13_Session04,1,92,5775.65217391304,12121.8818276092,711,2487.58108108108,915.5055,0,58250,58250,2.73916004875783,7.16746792164408,1263.79354327652
1125,125,ID13_Session05,1,218,4618.87155963303,9966.63037511266,179.5,1853.1875,150.4839,0,49328,49328,2.81430620658689,7.40968261858985,675.025385299477
1126,126,ID13_Session06,1,142,8729.69014084507,15168.6017851374,422.5,4903.38596491228,557.4576,0,59534,59534,1.99102695534594,2.94906685499511,1272.92078495132
1127,127,ID13_Session07,1,327,3008.2752293578,8398.20505713484,235,763.391634980989,94.8864,0,62609,62609,4.00142763559161,17.6770269874845,464.421800864584
1128,128,ID13_Session08,1,221,4675.01357466063,10708.9972391441,188,1711.70621468927,115.6428,78,59003,58925,3.03821032153196,9.54289774632056,720.365109375388
1129,129,ID13_Session09,1,194,5602.80412371134,11425.1596890364,203,2551.47435897436,185.325,62,58766,58704,2.64299372417731,6.67700914116836,820.27866122542
1130,130,ID13_Session10,1,138,7804.60144927536,13707.7539565542,531,4543.63392857143,647.8962,93,57610,57517,2.06503164487613,3.45538026428347,1166.88150775509
1131,131,ID14_Session01,1,72,6741.43055555556,10211.8726356875,2000,4511.15517241379,2849.5572,62,44314,44252,1.87995322059761,3.05560922756994,1203.48073155133
1132,132,ID14_Session02,1,147,4462.69387755102,7321.64993065204,782,2735.36134453782,1043.7504,46,36796,36750,2.40479261726076,6.12132975230431,603.879508339166
1133,133,ID14_Session03,1,128,8294.796875,8131.43675923505,6649,7294.00961538462,9660.6216,78,38125,38047,0.972223071844688,0.682234692782507,718.724259155583
1134,134,ID14_Session04,1,225,3758.73777777778,7578.7461827966,641,1838.37569060773,741.3,47,50907,50860,3.19281222926938,11.6684422332611,505.249745519773
1135,135,ID14_Session05,1,222,4893.13963963964,8374.78267069167,515.5,2831.54494382022,626.3985,47,39407,39360,2.26238486308316,4.83706596449014,562.078610053619
1136,136,ID14_Session06,1,170,4032.84705882353,6264.1603696133,1031,2589.02205882353,1389.9375,15,29156,29141,2.06900642608343,4.02450039682592,480.439168801861
1137,137,ID14_Session07,1,231,3710.44155844156,6016.98842660658,891,2203.64324324324,1135.6716,62,29110,29048,2.19906490530921,4.26141510297435,395.888773383911
1138,138,ID14_Session08,1,67,4275.65671641791,5896.92067960754,1390,3166.10909090909,1899.2106,0,25876,25876,1.59841953230036,1.95321874437886,720.423522840858
1139,139,ID14_Session09,1,177,5309.49152542373,8023.31582095033,531,3612.02097902098,649.3788,0,39421,39421,1.84581877003220,3.2056349668899,603.069346822957
1140,140,ID14_Session10,1,113,4352.62831858407,7046.99879659355,2281,3047.94505494505,3220.2072,78,58985,58907,4.53028339517708,29.9578082324738,662.925882742965
1141,141,ID15_Session01,1,121,8644.7438016529,15194.1520041588,140,5015.30927835052,115.6428,0,59984,59984,1.92512535430849,2.76944778813284,1381.28654583262
1142,142,ID15_Session02,1,98,6920.42857142857,14326.7588726067,242.5,3035.25,255.0072,0,57858,57858,2.47413969303444,5.07094813014759,1447.22119303496
1143,143,ID15_Session03,1,63,14254.7301587302,21426.8763105127,547,10733.9803921569,649.3788,78,59938,59860,1.16950644233280,-0.314767932704679,2699.53267097895
1144,144,ID15_Session05,1,94,8898.01063829787,15221.7038478662,265.5,5366.03947368421,243.1464,0,58860,58860,1.77852126837227,2.01894161170127,1569.99887529484
1145,145,ID15_Session06,1,104,8462.83653846154,15787.0259643247,172,4524.86904761905,151.2252,31,59735,59704,2.02670474645366,3.06148292293361,1548.04525872477
1146,146,ID15_Session08,1,85,10317.8705882353,16620.5873268725,609,6776.44927536232,787.2606,62,59844,59782,1.60228720374706,1.23892370689464,1802.75580901671
1147,147,ID15_Session09,1,99,4654.21212121212,10435.7308929884,125,1813.23456790123,68.1996,0,47094,47094,2.59099920198413,5.78223953565316,1048.83041773221
1148,148,ID15_Session10,1,72,11447.5,17337.5597361807,179.5,7895.24137931035,150.4839,78,59610,59532,1.39831986401250,0.637510324614641,2043.25100978004
1149,149,ID15_Session11,1,70,10582.6857142857,16602.3068778983,141,7320.10714285714,92.6625,0,59110,59110,1.34357997747131,0.379476090829522,1984.35521614132
1150,150,ID15_Session12,1,68,11582.0882352941,17454.681904296,1687.5,8325.01785714286,2398.1055,47,59352,59305,1.43848901335902,0.726324219638619,2116.6910927344
1151,151,ID16_Session01,1,15,6626.26666666667,12564.9510513893,1781,4001.30769230769,2501.1462,79,47298,47219,2.25895199315018,4.41866757262380,3244.25641119615
1152,152,ID16_Session02,1,24,10052.8333333333,14550.2493349820,187.5,7729.8,104.5233,109,50047,49938,1.23958311423942,0.332995485451441,2970.05720841469
1153,153,ID16_Session03,1,13,11912,20213.2381827686,141,8844.45454545455,186.8076,15,57552,57537,1.18679883514402,-0.261570302321133,5606.14359316451
1154,154,ID16_Session05,1,14,9044.92857142857,16006.1070722987,156.5,6108.16666666667,69.6822,94,53237,53143,1.61290602916152,1.47544523893263,4277.81205432579
1155,155,ID16_Session06,1,4,3992.5,6901.52203019981,797,3992.5,1042.2678,78,14298,14220,0.73023206852146,-1.70182251816571,3450.76101509991
1156,156,ID16_Session07,1,2,109.5,21.9203102167830,109.5,109.5,22.9803,94,125,31,0,-2.75,15.5
1157,157,ID16_Session08,1,4,4425.5,8060.8173489624,554.5,4425.5,672.3591,93,16500,16407,0.743862835327206,-1.69179086586547,4030.4086744812
1158,158,ID16_Session09,1,9,3536.44444444444,7803.990727684,110,3536.44444444444,23.7216,94,23625,23531,1.84083935553487,1.90601862872850,2601.33024256133
1159,159,ID16_Session10,1,9,20831.8888888889,20557.8183390434,23207,20831.8888888889,34175.4126,93,50820,50727,0.250695184374990,-1.72665168098545,6852.60611301448
1160,160,ID16_Session11,1,14,5773.5,7768.5635317061,1930,4574.25,2734.6557,78,25860,25782,1.20606087224589,0.460763663140654,2076.23593735934
1161,161,ID17_Session01,1,384,3109.25520833333,6406.18516335824,703,1425.88636363636,856.9428,0,38625,38625,3.16278243433437,10.3784929497906,326.914267666996
1162,162,ID17_Session02,1,540,2354.51481481481,4048.69349019121,804.5,1337.58796296296,937.7445,0,29250,29250,3.04701072806212,10.4598012890122,174.228027348988
1163,163,ID17_Session03,1,286,4768.11538461538,9266.5706238603,727,2449.49130434783,868.8036,62,56501,56439,2.95367373849220,9.80937849382233,547.943807819688
1164,164,ID17_Session05,1,384,2461.58854166667,6268.41154459413,867,1105.10389610390,926.625,16,64642,64626,6.22751257617899,47.7124206250876,319.883537125562
1165,165,ID17_Session06,1,473,2951.17124735729,4472.10466015442,1156,2079.26385224274,1273.5534,47,52064,52017,4.56105138787811,35.9652106917223,205.627591349653
1166,166,ID17_Session07,1,617,2787.471636953,4204.41301085346,688,1883.90505050505,671.6178,78,38719,38641,2.90144821858858,12.7651688354578,169.263294395307
1167,167,ID17_Session08,1,641,2834.15444617785,6912.07595938417,687,1722.53021442495,579.6966,63,138608,138545,12.9511749464242,235.650210146051,273.010586127623
1168,168,ID17_Session09,1,304,4460.38157894737,9777.02688172617,617,1936.74180327869,764.2803,0,55425,55425,3.43640262722676,12.1449999025616,560.750949285855
1169,169,ID17_Session10,1,106,12945.5094339623,20367.2968715117,828,9245.75581395349,1111.95,47,59610,59563,1.31551798507527,0.0781584131801463,1978.24675057327
1170,170,ID17_Session11,1,113,7275.35398230089,14482.9119863970,797,3268.92307692308,1018.5462,62,57282,57220,2.40309538690761,4.65664677286381,1362.43775405666
1171,171,ID18_Session01,1,109,9526.73394495413,16008.1626832493,219,5907.41573033708,255.0072,0,57984,57984,1.80386310829199,2.05766464173479,1533.30389961125
1172,172,ID18_Session02,1,109,8210.90825688073,13406.5479451766,141,5440.87640449438,117.1254,15,59969,59954,1.90440691607988,3.26863125571418,1284.11440159678
1173,173,ID18_Session03,1,109,9685.34862385321,16592.0244240553,172,6047.85393258427,139.3644,62,75469,75407,1.84128189219040,2.62182053696155,1589.22771183915
1174,174,ID18_Session04,1,44,17774.2954545455,20138.2207518492,9523.5,15300.8611111111,13980.1767,62,59720,59658,0.934508838895824,-0.577491044223095,3035.95100814694
1175,175,ID18_Session05,1,128,8312.0390625,15564.9339268777,148.5,4668.21153846154,126.7623,0,54938,54938,1.80590421009667,1.78161526538096,1375.75879105197
1176,176,ID18_Session06,1,96,11105.8229166667,16561.3330597413,1383,7733.78205128205,1934.793,46,57188,57142,1.46386115582554,0.94868986321341,1690.28397736051
1177,177,ID18_Session07,1,106,10964.2735849057,17418.8618941176,172,7478.32558139535,185.325,47,58906,58859,1.46527454602715,0.710679887530605,1691.86942961101
1178,178,ID18_Session08,1,110,7652.4,15053.0019117161,117.5,3591.65909090909,82.2843,0,59735,59735,2.18358124409927,3.79438893942627,1435.24741786637
1179,179,ID18_Session09,1,91,11828.0219780220,18444.2665870141,188,8150.09589041096,161.6034,16,58816,58800,1.34051319639907,0.295067387488535,1933.48449876236
1180,180,ID18_Session10,1,136,10799.8602941176,28615.0375929686,407,5261.58181818182,499.6362,62,288963,288901,7.02255720740068,63.1366330232412,2453.71923049691
1181,181,ID19_Session01,1,1,63,NA,63,63,0,63,63,0,NA,NA,NA
1182,182,ID19_Session02,1,1,109,NA,109,109,0,109,109,0,NA,NA,NA
1183,183,ID19_Session03,1,13,8888.15384615385,13570.6506528252,2641,7043.45454545455,3799.9038,78,37990,37912,1.36605701227524,0.27454861132073,3763.82129001309
1184,184,ID19_Session04,1,23,14598.1739130435,20845.0166044814,4969,11405.3684210526,7203.9534,94,59741,59647,1.24186312293292,-0.0557108594755427,4346.48642329344
1185,185,ID19_Session05,1,37,8867.4054054054,14946.4206295901,406,6146.61290322581,601.9356,0,57360,57360,1.69336155179300,1.72840627474934,2457.17641534451
1186,186,ID19_Session06,1,4,3058.75,3379.09172954311,3055,3058.75,4332.8985,109,6016,5907,4.65008088563575e-05,-2.43730122383564,1689.54586477156
1187,187,ID19_Session07,1,7,1370.57142857143,2060.50364855641,187,1370.57142857143,115.6428,109,5735,5626,1.2358907435015,-0.0490354430305247,778.797175660214
1188,188,ID19_Session08,1,5,1312.6,1315.83521004722,1093,1312.6,1503.3564,79,3078,2999,0.226569692827095,-2.01583826357883,588.459395370658
1189,189,ID19_Session09,1,1,125,NA,125,125,0,125,125,0,NA,NA,NA
1190,190,ID19_Session10,1,1,125,NA,125,125,0,125,125,0,NA,NA,NA
1191,191,ID20_Session01,1,2,93.5,21.9203102167830,93.5,93.5,22.9803,78,109,31,0,-2.75,15.5
1192,192,ID20_Session02,1,18,15985.4444444444,19338.2783138466,4796.5,14228.75,6972.6678,93,59985,59892,0.926288221196087,-0.46320196726432,4558.07591073124
1193,193,ID20_Session03,1,34,15148.6764705882,18954.9022454504,5782,12442.1428571429,8456.7504,31,59970,59939,1.02158961979251,-0.412024808503436,3250.73891660931
1194,194,ID20_Session04,1,4,4464.75,7902.04080707425,750,4464.75,984.4464,78,16281,16203,0.736337739762133,-1.69726808026330,3951.02040353712
1195,195,ID20_Session05,1,8,1873.25,2788.40326812932,125.5,1873.25,70.4235,78,7438,7360,0.950001886021454,-0.801420226889642,985.849429788487
1196,196,ID20_Session06,1,60,10549.3833333333,16886.8757264249,2304.5,6584.14583333333,3266.1678,62,59891,59829,1.71344678791725,1.68493477047376,2180.08628193059
1197,197,ID20_Session07,1,9,2081.55555555556,3104.886918678,359,2081.55555555556,438.8496,63,9500,9437,1.39520944273518,0.716816849751365,1034.962306226
1198,198,ID20_Session08,1,42,15734.3095238095,20026.0358478633,5938,12869.2647058824,8688.036,46,58251,58205,0.984509568460122,-0.612069457101908,3090.08441778625
1199,199,ID20_Session09,1,62,19664.7419354839,20774.4918305492,12516,17486.42,18405.7377,63,59752,59689,0.524688422813068,-1.25971426577763,2638.36310084417
1200,200,ID20_Session10,1,101,4513.11881188119,9094.0290523916,2187,2336.62962962963,1484.0826,16,51892,51876,3.86791073415931,14.965736860691,904.889711597975
